{
	"schemaVersion": 1,
	"id": "poke-notifier",
	"version": "${version}",
	"name": "Poke Notifier",
	"description": "This is an example description! Tell everyone what your mod is about!",
	"authors": [
		"Me!"
	],
	"contact": {
		"homepage": "https://fabricmc.net/",
		"sources": "https://github.com/FabricMC/fabric-example-mod"
	},
	"license": "CC0-1.0",
	"icon": "assets/poke-notifier/icon.png",
	"environment": "*",
	"entrypoints": {
		"main": [
			"com.zehro_mc.pokenotifier.PokeNotifier"
		],
		"client": [
			"com.zehro_mc.pokenotifier.PokeNotifierClient"
		]
	},
	"mixins": [
		"poke-notifier.mixins.json",
		{
			"config": "poke-notifier.client.mixins.json",
			"environment": "client"
		}
	],
	"depends": {
		"fabricloader": ">=0.17.2",
		"minecraft": "~1.21.1",
		"java": ">=21",
		"fabric-api": "*"
	},
	"suggests": {
		"another-mod": "*"
	}
}